t_ms,commanded_duty_pct,measured_rpm,steady
99,0,1079,0
199,0,1079,0
299,0,959,0
399,0,1079,0
499,0,959,0
599,0,959,0
699,0,1079,0
799,0,959,0
899,0,959,0
999,0,959,0
1099,0,959,0
1199,0,959,0
1299,0,959,0
1399,0,839,0
1499,0,839,0
1599,0,839,0
1699,0,839,0
1799,0,719,0
1899,0,839,0
1999,0,719,0
2099,0,800,0
2199,0,719,0
2299,0,719,0
2399,0,719,0
2499,0,719,0
2599,0,719,0
2699,0,719,0
2799,0,599,0
2899,0,719,0
2999,0,719,0
3099,0,599,0
3199,0,599,0
3299,0,599,0
3399,0,599,0
3499,0,599,0
3599,0,719,0
3699,0,719,0
3799,0,599,0
3899,0,599,0
3999,0,479,0
4099,0,479,1
4199,0,599,1
4299,0,599,1
4399,0,599,1
4499,0,599,1
4599,0,599,1
4699,0,599,1
4799,0,479,1
4899,0,479,1
4999,0,479,1
5099,10,599,0
5199,10,599,0
5299,10,479,0
5399,10,479,0
5499,10,599,0
5599,10,599,0
5699,10,719,0
5799,10,839,0
5899,10,1079,0
5999,10,1079,0
6099,10,1079,0
6199,10,1079,0
6299,10,1199,0
6399,10,1199,0
6499,10,1199,0
6599,10,1199,0
6699,10,1199,0
6799,10,1319,0
6899,10,1319,0
6999,10,1199,0
7099,10,1199,0
7199,10,1199,0
7299,10,1199,0
7399,10,1319,0
7499,10,1319,0
7599,10,1199,0
7699,10,1199,0
7799,10,1199,0
7899,10,1199,0
7999,10,1199,0
8099,10,1199,0
8199,10,1199,0
8299,10,1199,0
8399,10,1199,0
8499,10,1199,0
8599,10,1199,0
8699,10,1199,0
8799,10,1199,0
8899,10,1199,0
8999,10,1199,0
9099,10,1199,1
9199,10,1199,1
9299,10,1199,1
9399,10,1199,1
9499,10,1199,1
9599,10,1079,1
9699,10,1079,1
9799,10,1079,1
9899,10,1199,1
9999,10,1199,1
10099,20,1199,0
10199,20,1199,0
10299,20,1199,0
10399,20,1199,0
10499,20,1319,0
10599,20,1319,0
10699,20,1319,0
10799,20,1439,0
10899,20,1679,0
10999,20,1799,0
11099,20,1919,0
11199,20,2039,0
11299,20,1919,0
11399,20,2039,0
11499,20,2039,0
11599,20,2039,0
11699,20,2039,0
11799,20,2159,0
11899,20,2159,0
11999,20,2159,0
12099,20,2159,0
12199,20,2159,0
12299,20,2159,0
12399,20,2159,0
12499,20,2159,0
12599,20,2158,0
12699,20,2159,0
12799,20,2159,0
12899,20,2279,0
12999,20,2159,0
13099,20,2159,0
13199,20,2279,0
13299,20,2159,0
13399,20,2279,0
13499,20,2279,0
13599,20,2159,0
13699,20,2279,0
13799,20,2159,0
13899,20,2159,0
13999,20,2279,0
14099,20,2159,1
14199,20,2159,1
14299,20,2279,1
14399,20,2159,1
14499,20,2159,1
14599,20,2279,1
14699,20,2159,1
14799,20,2159,1
14899,20,2279,1
14999,20,2200,1
15099,30,2159,0
15199,30,2159,0
15299,30,2159,0
15399,30,2159,0
15499,30,2279,0
15599,30,2279,0
15699,30,2399,0
15799,30,2639,0
15899,30,2639,0
15999,30,2879,0
16099,30,2999,0
16199,30,3119,0
16299,30,3239,0
16399,30,3119,0
16499,30,3239,0
16599,30,3239,0
16699,30,3239,0
16799,30,3239,0
16899,30,3238,0
16999,30,3239,0
17099,30,3239,0
17199,30,3239,0
17299,30,3239,0
17399,30,3239,0
17499,30,3239,0
17599,30,3239,0
17699,30,3239,0
17799,30,3239,0
17899,30,3238,0
17999,30,3239,0
18099,30,3239,0
18199,30,3239,0
18299,30,3239,0
18399,30,3119,0
18499,30,3239,0
18599,30,3239,0
18699,30,3119,0
18799,30,3239,0
18899,30,3238,0
18999,30,3119,0
19099,30,3239,1
19199,30,3239,1
19299,30,3119,1
19399,30,3239,1
19499,30,3239,1
19599,30,3119,1
19699,30,3239,1
19799,30,3239,1
19899,30,3238,1
19999,30,3239,1
20099,40,3239,0
20199,40,3239,0
20299,40,3119,0
20399,40,3239,0
20499,40,3239,0
20599,40,3239,0
20699,40,3479,0
20799,40,3599,0
20899,40,3598,0
20999,40,3719,0
21099,40,3959,0
21199,40,3959,0
21299,40,3959,0
21399,40,4079,0
21499,40,4079,0
21599,40,4079,0
21699,40,4079,0
21799,40,4079,0
21899,40,4198,0
21999,40,4199,0
22099,40,4199,0
22199,40,4199,0
22299,40,4199,0
22399,40,4199,0
22499,40,4199,0
22599,40,4199,0
22699,40,4199,0
22799,40,4199,0
22899,40,4198,0
22999,40,4199,0
23099,40,4319,0
23199,40,4319,0
23299,40,4319,0
23399,40,4199,0
23499,40,4199,0
23599,40,4199,0
23699,40,4319,0
23799,40,4319,0
23899,40,4318,0
23999,40,4199,0
24099,40,4199,1
24199,40,4199,1
24299,40,4199,1
24399,40,4319,1
24499,40,4319,1
24599,40,4319,1
24699,40,4199,1
24799,40,4199,1
24899,40,4198,1
24999,40,4199,1
25099,50,4319,0
25199,50,4319,0
25299,50,4199,0
25399,50,4199,0
25499,50,4199,0
25599,50,4319,0
25699,50,4439,0
25799,50,4559,0
25899,50,4558,0
25999,50,4799,0
26099,50,4799,0
26199,50,5039,0
26299,50,5039,0
26399,50,5159,0
26499,50,5159,0
26599,50,5159,0
26699,50,5159,0
26799,50,5159,0
26899,50,5278,0
26999,50,5159,0
27099,50,5279,0
27199,50,5279,0
27299,50,5279,0
27399,50,5279,0
27499,50,5279,0
27599,50,5279,0
27699,50,5279,0
27799,50,5279,0
27899,50,5278,0
27999,50,5279,0
28099,50,5279,0
28199,50,5159,0
28299,50,5279,0
28399,50,5279,0
28499,50,5279,0
28599,50,5279,0
28699,50,5279,0
28799,50,5279,0
28899,50,5278,0
28999,50,5279,0
29099,50,5279,1
29199,50,5279,1
29299,50,5279,1
29399,50,5279,1
29499,50,5159,1
29599,50,5279,1
29699,50,5159,1
29799,50,5279,1
29899,50,5158,1
29999,50,5279,1
30099,60,5279,0
30199,60,5279,0
30299,60,5279,0
30399,60,5279,0
30499,60,5279,0
30599,60,5399,0
30699,60,5399,0
30799,60,5519,0
30899,60,5637,0
30999,60,5879,0
31099,60,5999,0
31199,60,5999,0
31299,60,5999,0
31399,60,6119,0
31499,60,6239,0
31599,60,6239,0
31699,60,6239,0
31799,60,6239,0
31899,60,6237,0
31999,60,6239,0
32099,60,6239,0
32199,60,6239,0
32299,60,6239,0
32399,60,6239,0
32499,60,6239,0
32599,60,6239,0
32699,60,6239,0
32799,60,6239,0
32899,60,6237,0
32999,60,6359,0
33099,60,6359,0
33199,60,6359,0
33299,60,6239,0
33399,60,6239,0
33499,60,6239,0
33599,60,6239,0
33699,60,6239,0
33799,60,6239,0
33899,60,6237,0
33999,60,6239,0
34099,60,6359,1
34199,60,6239,1
34299,60,6239,1
34399,60,6239,1
34499,60,6239,1
34599,60,6239,1
34699,60,6239,1
34799,60,6359,1
34899,60,6357,1
34999,60,6239,1
35099,70,6239,0
35199,70,6239,0
35299,70,6239,0
35399,70,6239,0
35499,70,6239,0
35599,70,6359,0
35699,70,6479,0
35799,70,6479,0
35899,70,6717,0
35999,70,6839,0
36099,70,6839,0
36199,70,6959,0
36299,70,7079,0
36399,70,6959,0
36499,70,7079,0
36599,70,7079,0
36699,70,7079,0
36799,70,7079,0
36899,70,7077,0
36999,70,7199,0
37099,70,7199,0
37199,70,7319,0
37299,70,7319,0
37399,70,7319,0
37499,70,7199,0
37599,70,7199,0
37699,70,7319,0
37799,70,7319,0
37899,70,7197,0
37999,70,7319,0
38099,70,7319,0
38199,70,7318,0
38299,70,7319,0
38399,70,7319,0
38499,70,7199,0
38599,70,7319,0
38699,70,7319,0
38799,70,7199,0
38899,70,7317,0
38999,70,7319,0
39099,70,7319,1
39199,70,7199,1
39299,70,7319,1
39399,70,7319,1
39499,70,7199,1
39599,70,7199,1
39699,70,7319,1
39799,70,7319,1
39899,70,7317,1
39999,70,7199,1
40099,80,7199,0
40199,80,7199,0
40299,80,7319,0
40399,80,7319,0
40499,80,7319,0
40599,80,7319,0
40699,80,7319,0
40799,80,7559,0
40899,80,7557,0
40999,80,7679,0
41099,80,7799,0
41199,80,7799,0
41299,80,7919,0
41399,80,7919,0
41499,80,7919,0
41599,80,7919,0
41699,80,8039,0
41799,80,7919,0
41899,80,8037,0
41999,80,8039,0
42099,80,8039,0
42199,80,8039,0
42299,80,8159,0
42399,80,8159,0
42499,80,8159,0
42599,80,8159,0
42699,80,8159,0
42799,80,8159,0
42899,80,8156,0
42999,80,8279,0
43099,80,8159,0
43199,80,8279,0
43299,80,8279,0
43399,80,8279,0
43499,80,8279,0
43599,80,8279,0
43699,80,8279,0
43799,80,8279,0
43899,80,8276,0
43999,80,8399,0
44099,80,8279,1
44199,80,8279,1
44299,80,8399,1
44399,80,8278,1
44499,80,8279,1
44599,80,8399,1
44699,80,8279,1
44799,80,8279,1
44899,80,8396,1
44999,80,8279,1
45099,90,8279,0
45199,90,8279,0
45299,90,8279,0
45399,90,8279,0
45499,90,8399,0
45599,90,8399,0
45699,90,8399,0
45799,90,8519,0
45899,90,8636,0
45999,90,8639,0
46099,90,8759,0
46199,90,8759,0
46299,90,8879,0
46399,90,8999,0
46499,90,8999,0
46599,90,8999,0
46699,90,8999,0
46799,90,8999,0
46899,90,9116,0
46999,90,9239,0
47099,90,9119,0
47199,90,9239,0
47299,90,9239,0
47399,90,9239,0
47499,90,9239,0
47599,90,9359,0
47699,90,9359,0
47799,90,9479,0
47899,90,9476,0
47999,90,9479,0
48099,90,9479,0
48199,90,9479,0
48299,90,9599,0
48399,90,9479,0
48499,90,9478,0
48599,90,9479,0
48699,90,9599,0
48799,90,9599,0
48899,90,9596,0
48999,90,9479,0
49099,90,9479,1
49199,90,9599,1
49299,90,9598,1
49399,90,9479,1
49499,90,9479,1
49599,90,9479,1
49699,90,9599,1
49799,90,9479,1
49899,90,9476,1
49999,90,9479,1
50099,100,9478,0
50199,100,9479,0
50299,100,9479,0
50399,100,9478,0
50499,100,9478,0
50599,100,9479,0
50699,100,9478,0
50799,100,9479,0
50899,100,9716,0
50999,100,9718,0
51099,100,9718,0
51199,100,9839,0
51299,100,9838,0
51399,100,9838,0
51499,100,9838,0
51599,100,9958,0
51699,100,9958,0
51799,100,9958,0
51899,100,9956,0
51999,100,9958,0
52099,100,9958,0
52199,100,9839,0
52299,100,9959,0
52399,100,9958,0
52499,100,9958,0
52599,100,9958,0
52699,100,10078,0
52799,100,9958,0
52899,100,9956,0
52999,100,9959,0
53099,100,9958,0
53199,100,9959,0
53299,100,9959,0
53399,100,10000,0
53499,100,10078,0
53599,100,9958,0
53699,100,9958,0
53799,100,9958,0
53899,100,10076,0
53999,100,9958,0
54099,100,9959,1
54199,100,10079,1
54299,100,9958,1
54399,100,9958,1
54499,100,10078,1
54599,100,9958,1
54699,100,10078,1
54799,100,9958,1
54899,100,10076,1
54999,100,10078,1
